316130;ADM202;1
316130;ADMF52;1
316130;ADMF54;1
316130;ADMF56;1
316130;DIR159;1
316130;FCH001;1
316130;MAT013;1
316130;ADM170;2
316130;ADM203;2
316130;ADM218;2
316130;DIR161;2
316130;ECO155;2
316130;MAT020;2
316130;ADM223;3
316130;ADM226;3
316130;ADMF53;3
316130;ADMF59;3
316130;DIR164;3
316130;ECO142;3
316130;MAT191;3
316130;ADM150;4
316130;ADM172;4
316130;ADM173;4
316130;ADMF55;4
316130;IPSA01;4
316130;MAT023;4
316130;ADM149;5
316130;ADM174;5
316130;ADM177;5
316130;ADM211;5
316130;ADMB81;5
316130;ADMF72;5
316130;ADM221;6
316130;ADMF50;6
316130;ADMF58;6
316130;ADM154;7
316130;ADM179;7
316130;ADM204;7
316130;ADM222;7
316130;ADM227;7
316130;ADMB80;7
316130;ADMF73;7
316130;ADM175;8
316130;ADM181;8
316130;ADMF60;8
316130;ADM224;9
187140;ARQA14;1
187140;ARQA15;1
187140;ARQA16;1
187140;ARQA18;1
187140;ARQA19;2
187140;ARQA20;2
187140;ARQA24;2
187140;ARQA21;3
187140;ARQA22;3
187140;ARQA23;3
187140;ARQA25;3
187140;ARQA26;4
187140;ARQA27;4
187140;ARQA29;4
187140;ARQA28;5
187140;ARQA33;5
187140;ARQA34;5
187140;ARQA35;5
187140;ARQA36;6
187140;ARQA37;6
187140;ARQA38;6
187140;ARQA40;7
187140;ARQA41;7
187140;ARQA42;7
187140;ARQA46;7
187140;ARQA43;8
187140;ARQA44;8
187140;ARQA45;8
187140;ARQA39;9
187140;ARQA47;9
187140;ARQA48;9
187140;ARQA49;9
187140;ARQA50;10
187140;ARQA51;10
187140;ARQA52;10
187140;ARQA53;11
187140;ARQA54;11
187140;ARQA55;11
187140;ARQA56;11
187140;ARQA57;12
101140;ARQ016;1
101140;ARQ018;1
101140;ARQ022;1
101140;ARQ051;1
101140;FCH043;1
101140;ARQ019;2
101140;ARQ020;2
101140;ARQ021;2
101140;FIS130;2
101140;ARQ023;3
101140;ARQ024;3
101140;ARQ025;3
101140;ARQ026;3
101140;ENG021;3
101140;ENG022;3
101140;ARQ027;4
101140;ARQ030;4
101140;ARQ046;4
101140;ENG023;4
101140;ENG025;4
101140;ARQ031;5
101140;ARQ032;5
101140;ARQ033;5
101140;ARQ034;5
101140;ARQ035;5
101140;ENG024;5
101140;ARQ036;6
101140;ARQ037;6
101140;ARQ038;6
101140;ARQ039;6
101140;ARQ040;6
101140;ARQ029;7
101140;ARQ041;7
101140;ARQ042;7
101140;ARQ043;8
101140;ARQ045;9
381140;ICI011;1
381140;ICIA06;1
381140;ICIA07;1
381140;ICIA08;1
381140;ICIA05;2
381140;ICIA10;2
381140;ICIA13;2
381140;ICIA39;2
381140;LET044;2
381140;ICI223;3
381140;ICIA09;3
381140;ICIA11;3
381140;LET053;3
381140;LET400;3
381140;ICIA12;4
381140;ICIA14;4
381140;ICIA15;4
381140;ICIA16;4
381140;ICIA17;5
381140;ICI024;6
381140;ICIA41;6
381140;ICIB01;7
381140;ICIB02;8
317140;ICI011;1
317140;ICIA06;1
317140;ICIA07;1
317140;ICIA08;1
317140;ICIA05;2
317140;ICIA10;2
317140;ICIA13;2
317140;ICIA39;2
317140;LET044;2
317140;ICI223;3
317140;ICIA09;3
317140;ICIA11;3
317140;LET053;3
317140;LET400;3
317140;ICIA12;4
317140;ICIA14;4
317140;ICIA15;4
317140;ICIA16;4
317140;ICIA17;5
317140;ICI024;6
317140;ICIA41;6
317140;ICIB01;7
317140;ICIB02;8
506140;TEAA14;1
506140;TEAA15;1
506140;TEAA21;1
506140;TEAA16;2
506140;TEAA20;2
506140;TEAA17;3
506140;TEAA18;3
506140;TEA192;4
506140;TEA277;4
506140;TEAA24;4
506140;TEAA22;5
506140;TEAA23;5
506140;TEA276;6
506140;TEAA25;6
506140;TEA259;7
506140;TEAA26;7
506140;TEAA44;8
510140;TEAA14;1
510140;TEAA15;1
510140;TEAA21;1
510140;TEAA16;2
510140;TEAA20;2
510140;TEAA17;3
510140;TEAA18;3
510140;TEA192;4
510140;TEA277;4
510140;TEAA27;4
510140;TEAA22;5
510140;TEAA28;5
510140;TEA276;6
510140;TEAA29;6
510140;TEA259;7
510140;TEAA30;7
510140;TEAA45;8
501140;EBA001;1
501140;EBA013;1
501140;EBA133;1
501140;FCH002;1
501140;ARQ003;2
501140;EBA014;2
501140;EBA134;2
501140;FCH180;2
501140;ICS011;2
501140;ARQ010;3
501140;EBA015;3
501140;EBA017;3
501140;EBA105;3
501140;EBA135;3
501140;EBA138;3
501140;EBA002;4
501140;EBA016;4
501140;EBA107;4
501140;EBA136;4
501140;EBA140;4
501140;EBA108;5
501140;EBA137;5
501140;EBA139;5
501140;EBA141;5
501140;EBA181;5
501140;EBA010;6
501140;EBA115;6
501140;EBA143;6
501140;EBA147;6
501140;ARQ009;7
501140;EBA154;7
501140;EBA168;7
501140;FCH128;7
501140;EBA178;8
580140;HACA01;1
580140;HACA04;1
580140;HACA05;1
580140;LETE43;1
580140;HACA34;2
580140;HACA37;2
580140;LETE45;2
580140;HACA49;3
515140;HACA01;1
515140;HACA04;1
515140;HACA05;1
515140;LETE43;1
515140;HACA34;2
515140;HACA37;2
515140;LETE45;2
515140;HACA49;3
189140;HACA01;1
189140;HACA09;1
189140;LETE43;1
189140;HACA34;2
189140;HACA38;2
189140;LETE45;2
189140;HACA02;3
190140;HACA01;1
190140;HACA09;1
190140;LETE43;1
190140;HACA34;2
190140;HACA38;2
190140;LETE45;2
190140;HACA02;3
387140;HACA01;1
387140;HACA03;1
387140;LETE43;1
387140;HACA34;2
387140;LETE45;2
327140;HACA01;1
327140;HACA03;1
327140;LETE43;1
327140;HACA34;2
327140;LETE45;2
286140;HACA01;1
286140;HACA10;1
286140;LETE43;1
286140;HACA34;2
286140;HACA40;2
286140;LETE45;2
286140;HACA78;3
286140;HACB17;3
226140;HACA01;1
226140;HACA10;1
226140;LETE43;1
226140;HACA34;2
226140;HACA40;2
226140;LETE45;2
226140;HACA78;3
226140;HACB17;3
303140;FCH001;1
303140;ICI175;1
303140;ICIA05;1
303140;ICIA08;1
303140;LET053;1
303140;ADM001;2
303140;FCH004;2
303140;ICI011;2
303140;ICIB67;2
303140;ICIB68;2
303140;LET054;2
303140;FCH007;3
303140;ICIA39;3
303140;ICIB69;3
303140;ICIB70;3
303140;ICIB71;3
303140;MAT021;3
303140;ICIA16;4
303140;ICIB72;4
303140;ICIB73;4
303140;ICIB74;4
303140;ICIB75;4
303140;ICIA41;5
303140;ICIB76;5
303140;ICIB77;5
303140;ICIB78;5
303140;ICIB79;5
303140;ICIB80;5
303140;ICI010;6
303140;ICIB81;6
303140;ICIB82;6
303140;ICIB83;7
303140;ICIA37;8
303140;ICIB84;8
284140;ICSA02;1
284140;ICSA04;1
284140;ICSA05;1
284140;ICSA06;1
284140;ICSA07;2
284140;ICSA08;2
284140;ICSA10;2
284140;ICSA18;2
284140;LETA15;2
284140;QUIB33;2
284140;ICS028;3
284140;ICSA11;3
284140;ICSA13;3
284140;ICSA15;3
284140;ICSA19;3
284140;ICSA12;4
284140;ICSA14;4
284140;ICSA17;4
284140;ICSA22;4
284140;ICSA09;5
284140;ICSA25;5
284140;ICSC35;5
284140;ICSC36;5
284140;ICSA20;6
284140;ICSA24;6
284140;ICSA26;6
284140;ICSA27;6
284140;ICSC40;6
284140;ICSA29;7
284140;ICSA30;7
284140;ICSC39;7
284140;ICSC41;7
284140;ICSA28;8
284140;ICSA31;8
284140;ICSA32;8
284140;ICSA34;8
284140;ICSA35;8
284140;ICSA40;8
284140;ICSA41;9
284140;ICSA42;9
221140;IMS078;1
221140;IMS178;1
221140;IMS179;1
221140;IMS180;1
221140;IMS181;1
221140;IMS182;1
221140;IMS001;2
221140;IMS006;2
221140;IMS009;2
221140;IMS023;2
221140;IMS079;2
221140;IMS139;2
221140;IMS003;3
221140;IMS024;3
221140;IMS025;3
221140;IMS026;3
221140;IMS027;3
221140;IMS076;3
221140;IMS012;4
221140;IMS028;4
221140;IMS029;4
221140;IMS030;4
221140;IMS049;4
221140;IMS112;4
221140;IMS015;5
221140;IMS048;5
221140;IMS053;5
221140;IMS054;5
221140;IMS055;5
221140;IMS056;5
221140;IMS021;6
221140;IMS051;6
221140;IMS057;6
221140;IMS142;6
221140;IMS143;6
221140;IMS144;7
221140;IMS145;7
221140;IMS146;7
221140;IMS147;7
221140;IMS148;7
221140;IMS149;7
221140;IMS151;8
221140;IMS152;9
221140;IMS153;9
221140;IMS154;10
221140;IMS155;10
508440;MUSA43;1
508440;MUSA59;1
508440;MUSA69;1
508440;MUSA92;1
508440;MUSB31;1
508440;MUSC22;1
508440;MUSA60;2
508440;MUSA70;2
508440;MUSA77;2
508440;MUSB32;2
508440;MUSC23;2
508440;MUSA61;3
508440;MUSA71;3
508440;MUSA78;3
508440;MUSB33;3
508440;MUSC24;3
508440;MUSA62;4
508440;MUSA72;4
508440;MUSA79;4
508440;MUSB34;4
508440;MUSC25;4
508440;MUSA63;5
508440;MUSA73;5
508440;MUSA80;5
508440;MUSB35;5
508440;MUSC26;5
508440;MUSC32;5
508440;MUSA64;6
508440;MUSA74;6
508440;MUSB36;6
508440;MUSC27;6
508440;MUSC33;6
508440;MUSA65;7
508440;MUSA75;7
508440;MUSA88;7
508440;MUSC28;7
508440;MUSA66;8
508440;MUSA76;8
508440;MUSA89;8
508440;MUSC29;8
508440;MUSB87;9
508440;MUSC30;9
508440;MUSC34;9
508440;MUSB88;10
508440;MUSC31;10
112140;MATA01;1
112140;MATA02;1
112140;MATA37;1
112140;MATA38;1
112140;MATA39;1
112140;MATA42;1
112140;MATA07;2
112140;MATA40;2
112140;MATA48;2
112140;MATA57;2
112140;MATA95;2
112140;MATA97;2
112140;FISA75;3
112140;MAT236;3
112140;MATA47;3
112140;MATA49;3
112140;MATA50;3
112140;MATA55;3
112140;FCHC45;4
112140;MATA51;4
112140;MATA52;4
112140;MATA58;4
112140;MATA61;4
112140;MATA68;4
112140;MATA53;5
112140;MATA54;5
112140;MATA59;5
112140;MATA62;5
112140;MATE12;5
112140;MATA60;6
112140;MATA64;6
112140;MATA65;6
112140;MATA88;6
112140;MATE11;6
112140;MATA66;7
112140;MATA67;8
220130;IMS020;1
220130;IMS178;1
220130;IMS205;1
220130;IMS024;2
220130;IMS078;3
220130;IMS198;3
220130;IMS202;3
220130;IMS028;4
220130;IMS180;4
220130;IMS012;5
220130;IMS076;5
220130;IMS204;5
220130;IMS003;6
220130;IMS199;6
280120;BIO007;1
280120;BIOA01;1
280120;BIOB23;1
280120;FISA92;1
280120;QUI030;1
280120;BIO010;2
280120;BIOB24;2
280120;BIOB26;2
280120;BIOB27;2
280120;GEOA74;2
280120;ICS001;2
280120;BIOB65;3
280120;BIOB66;3
280120;BIOB67;3
280120;BIOB68;3
280120;BIOB69;3
280120;BIO129;4
280120;BIOC01;4
280120;BIOC02;4
280120;EDCA01;4
280120;ICS053;4
280120;BIOC03;5
280120;BIOC05;5
280120;EDC140;5
280120;BIOC10;6
280120;EDCA02;6
280120;EDCB33;6
280120;BIO032;7
280120;BIOC06;7
280120;EDCB34;7
280120;ICSA43;7
280120;EDCA03;8
280120;EDCH65;8
280120;ICS026;8
280120;LETE46;8
280120;BIOC07;9
280120;EDCH66;9
280120;GEO024;9
280120;ICS021;9
202120;BIO007;1
202120;BIOA01;1
202120;BIOB23;1
202120;FISA92;1
202120;GEOA74;1
202120;QUI030;1
202120;BIO010;2
202120;BIO129;2
202120;BIOB24;2
202120;BIOB26;2
202120;BIOB27;2
202120;ICS001;2
202120;BIOB65;3
202120;BIOB66;3
202120;BIOB67;3
202120;BIOB68;3
202120;BIOB69;3
202120;ICS053;3
202120;BIOC01;4
202120;BIOC02;4
202120;BIOC10;4
202120;EDC140;4
202120;EDCA01;4
202120;BIOC03;5
202120;BIOC05;5
202120;EDCA02;5
202120;EDCB33;5
202120;BIO032;6
202120;BIOC06;6
202120;EDCB34;6
202120;GEO024;6
202120;ICS026;6
202120;ICSA43;6
202120;EDCA03;7
202120;EDCH65;7
202120;ICS021;7
202120;BIOC07;8
202120;EDCH66;8
202120;LETE46;8
380140;ADM001;1
380140;DIR159;1
380140;FCC033;1
380140;MAT013;1
380140;ECO155;2
380140;FCC034;2
380140;FCC041;2
380140;MAT020;2
380140;DIR167;3
380140;FCC035;3
380140;FCC066;3
380140;MAT023;3
380140;MAT191;3
380140;DIR161;4
380140;FCC024;4
380140;FCC036;4
380140;FCC052;4
380140;FCC060;4
380140;ECO142;5
380140;FCC037;5
380140;FCC039;5
380140;FCC040;5
380140;FCC044;5
380140;FCC009;6
380140;FCC023;6
380140;FCC045;6
380140;FCC050;6
380140;FCC051;6
380140;FCC010;7
380140;FCC038;7
380140;FCC046;7
380140;LET044;7
380140;FCC047;8
380140;FCC049;8
380140;FCC053;8
380140;FCC017;9
304140;ADM001;1
304140;DIR159;1
304140;ECO155;1
304140;FCC033;1
304140;FCC041;1
304140;MAT013;1
304140;DIR161;2
304140;DIR167;2
304140;FCC034;2
304140;FCC066;2
304140;LET044;2
304140;MAT020;2
304140;DIR164;3
304140;FCC024;3
304140;FCC035;3
304140;MAT023;3
304140;MAT191;3
304140;ECO142;4
304140;FCC036;4
304140;FCC044;4
304140;FCC052;4
304140;FCC060;4
304140;FCC037;5
304140;FCC039;5
304140;FCC040;5
304140;FCC050;5
304140;FCC051;5
304140;FCC009;6
304140;FCC023;6
304140;FCC038;6
304140;FCC045;6
304140;FCC010;7
304140;FCC046;7
304140;FCC049;7
304140;FCC053;7
304140;FCC017;8
304140;FCC047;8
305140;ECOB39;1
305140;ECOB40;1
305140;FCH001;1
305140;FCH007;1
305140;MAT047;1
305140;ECO195;2
305140;ECOB41;2
305140;FCC019;2
305140;MATA07;2
305140;MATF14;2
305140;ADM001;3
305140;ECOB42;3
305140;ECOB44;3
305140;MATF15;3
305140;DIR159;4
305140;ECOB43;4
305140;ECOB45;4
305140;ECOB46;4
305140;ECOB47;4
305140;ECOB48;5
305140;ECOB49;5
305140;ECOB51;5
305140;ECOB52;5
305140;ECO170;6
305140;ECO175;6
305140;ECOB53;6
305140;ECOB54;6
305140;ECOB55;6
305140;ECO173;7
305140;ECO196;7
305140;ECOB56;7
305140;ECO193;8
305140;ECOB57;8
306120;FCH001;1
306120;FCH024;1
306120;FCH114;1
306120;FCH124;1
306120;FCH115;2
306120;FCH125;2
306120;FCH183;2
306120;FCH331;2
306120;FCHE90;2
306120;FCHE93;2
306120;FCH116;3
306120;FCH164;3
306120;FCH291;3
306120;FCH300;3
306120;FCHE92;3
306120;FCH294;4
306120;FCH301;4
306120;FCHE91;4
306120;FCHE94;4
306120;EDCA01;5
306120;EDCA11;5
306120;ICI114;5
306120;LETE46;5
306120;EDCA02;6
306120;EDCA12;6
306120;EDC167;7
306120;EDC168;8
502141;MUSA43;1
502141;MUSA59;1
502141;MUSA69;1
502141;MUSA83;1
502141;MUSA92;1
502141;MUSB10;1
502141;MUSB31;1
502141;MUSA60;2
502141;MUSA70;2
502141;MUSA88;2
502141;MUSA93;2
502141;MUSB11;2
502141;MUSA61;3
502141;MUSA71;3
502141;MUSA77;3
502141;MUSB12;3
502141;MUSA62;4
502141;MUSA72;4
502141;MUSA78;4
502141;MUSB13;4
502141;MUSB32;4
502141;MUSA63;5
502141;MUSA73;5
502141;MUSA79;5
502141;MUSA84;5
502141;MUSB14;5
502141;MUSB33;5
502141;MUSA64;6
502141;MUSA74;6
502141;MUSA80;6
502141;MUSA85;6
502141;MUSB15;6
502141;MUSB34;6
502141;MUSA75;7
502141;MUSA86;7
502141;MUSA90;7
502141;MUSB16;7
502141;MUSA76;8
502141;MUSA87;8
502141;MUSB17;8
502141;MUSD76;8
502141;MUSB18;9
502141;MUSB87;9
502141;MUSB19;10
502141;MUSB88;10
196120;EDCB80;1
196120;MATA01;1
196120;MATA37;1
196120;MATA39;1
196120;MATA42;1
196120;EDC287;2
196120;MATA68;2
196120;MATC73;2
196120;MATC81;2
196120;MATD04;2
196120;EDCA01;3
196120;MAT236;3
196120;MATA55;3
196120;MATC94;3
196120;EDCA11;4
196120;LETE46;4
196120;MATA41;4
196120;MATA59;4
196120;MATA62;4
196120;MATC82;4
196120;EDC286;5
196120;EDCA12;5
196120;MATB19;5
196120;MATB21;5
196120;MATD05;5
196120;MATB22;6
196120;MATC68;6
196120;MATC72;6
196120;MATC76;6
196120;MATC78;6
196120;MATB20;7
196120;MATC69;7
196120;MATC77;7
196120;MATC79;7
196120;MATC70;8
196120;MATC71;9
307140;COM101;1
307140;COM111;1
307140;COM121;1
307140;COM102;2
307140;COM112;2
307140;COM122;2
307140;COM103;3
307140;COM113;3
307140;COM123;3
307140;COM104;4
307140;COM114;4
307140;COM124;4
307140;COM105;5
307140;COM115;5
307140;COM125;5
307140;COM106;6
307140;COM116;6
307140;COM126;6
307140;COM117;7
307140;COM127;7
307140;COM118;8
307141;COM101;1
307141;COM111;1
307141;COM131;1
307141;COM102;2
307141;COM112;2
307141;COM132;2
307141;COM103;3
307141;COM113;3
307141;COM133;3
307141;COM104;4
307141;COM114;4
307141;COM134;4
307141;COM105;5
307141;COM115;5
307141;COM127;5
307141;COM106;6
307141;COM116;6
307141;COM136;6
307141;COM117;7
307141;COM137;7
307141;COM118;8
503130;DANA01;1
503130;DANA05;1
503130;DANA09;1
503130;DANA13;1
503130;DANA02;2
503130;DANA06;2
503130;DANA10;2
503130;DANA14;2
503130;DANA03;3
503130;DANA07;3
503130;DANA11;3
503130;DANA04;4
503130;DANA08;4
503130;DANA12;4
503130;DAN001;5
503130;DAN005;5
503130;DAN265;5
503130;DAN163;6
581120;DANA13;1
581120;DANA60;1
581120;DANA64;1
581120;DANA68;1
581120;DANA14;2
581120;DANA61;2
581120;DANA65;2
581120;DANA69;2
581120;DANA62;3
581120;DANA66;3
581120;DANA70;3
581120;EDCA01;3
581120;DANA63;4
581120;DANA67;4
581120;DANA71;4
581120;EDCA02;4
581120;DANA16;5
581120;DANA21;5
581120;DANA72;5
581120;EDCA11;5
581120;DANA17;6
581120;DANA22;6
581120;DANA73;6
581120;EDCA12;6
581120;DANA74;7
581120;LETE46;7
581120;DANA75;8
503120;DANA01;1
503120;DANA05;1
503120;DANA09;1
503120;DANA13;1
503120;DANA02;2
503120;DANA06;2
503120;DANA10;2
503120;DANA14;2
503120;DANA03;3
503120;DANA07;3
503120;DANA11;3
503120;DANA04;4
503120;DANA08;4
503120;DANA12;4
503120;EDCA01;4
503120;LETE46;4
503120;DANA16;5
503120;DANA18;5
503120;DANA21;5
503120;EDCA11;5
503120;DANA17;6
503120;DANA19;6
503120;DANA22;6
503120;EDCA02;6
503120;EDCA12;6
503120;DANA20;7
512140;ARQ003;1
512140;EBA017;1
512140;EBA152;1
512140;FCH002;1
512140;LET042;1
512140;ARQ005;2
512140;EBA153;2
512140;EBA159;2
512140;EBA182;2
512140;LET043;2
512140;ARQ004;3
512140;EBA003;3
512140;EBA135;3
512140;EBA155;3
512140;ARQ010;4
512140;ARQ011;4
512140;EBA138;4
512140;EBA156;4
512140;EBA158;4
512140;EBA157;5
512140;EBA161;5
512140;FIS136;5
512140;MAT219;5
512140;EBA105;6
512140;EBA147;6
512140;EBA154;6
512140;EBA162;6
512140;EBA164;6
512140;EBA160;7
512140;EBA165;7
512140;EBA183;7
512140;ECO001;7
512140;DIR159;8
512140;EBA163;8
512140;EBA166;8
512140;FCH006;8
512140;EBA167;9
512140;EBA168;9
512140;EBA184;10
382140;DIR213;1
382140;DIRA45;1
382140;FCH001;1
382140;FCH007;1
382140;FCH124;1
382140;DIRA74;2
382140;DIRA79;2
382140;DIRA80;2
382140;DIRA81;2
382140;ECOA27;2
382140;DIR007;3
382140;DIRA75;3
382140;DIRA82;3
382140;DIRA83;3
382140;DIRA84;3
382140;DIRA85;4
382140;DIRA86;4
382140;DIRA87;4
382140;DIRA88;4
382140;DIRA89;4
382140;DIR031;5
382140;DIR035;5
382140;DIR038;5
382140;DIR194;5
382140;DIRA90;5
382140;DIR032;6
382140;DIR036;6
382140;DIR039;6
382140;DIR195;6
382140;DIRA91;6
382140;DIR040;7
382140;DIR043;7
382140;DIR049;7
382140;DIR190;7
382140;DIRA92;7
382140;DIR041;8
382140;DIR044;8
382140;DIR050;8
382140;DIR192;8
382140;DIRA93;8
382140;DIR015;9
382140;DIR046;9
382140;DIR063;9
382140;DIRA94;9
382140;DIRA95;9
382140;DIR016;10
382140;DIR034;10
382140;DIRA76;10
382140;DIRA77;10
382140;DIRA78;10
382140;DIRA96;11
382140;FCH057;11
382140;DIR189;12
382140;DIRA97;12
308140;DIR213;1
308140;DIRA45;1
308140;DIRA75;1
308140;ECOA27;1
308140;FCH001;1
308140;FCH007;1
308140;DIRA74;2
308140;DIRA79;2
308140;DIRA82;2
308140;DIRA83;2
308140;FCH124;2
308140;IPSA01;2
308140;DIR007;3
308140;DIRA80;3
308140;DIRA84;3
308140;DIRA86;3
308140;DIRA88;3
308140;DIRA89;3
308140;DIR030;4
308140;DIR031;4
308140;DIR192;4
308140;DIR194;4
308140;DIRA85;4
308140;DIRA90;4
308140;DIR032;5
308140;DIR035;5
308140;DIR038;5
308140;DIR046;5
308140;DIR195;5
308140;DIRA91;5
308140;DIR036;6
308140;DIR039;6
308140;DIR043;6
308140;DIR049;6
308140;DIR190;6
308140;DIRA92;6
308140;DIR015;7
308140;DIR040;7
308140;DIR044;7
308140;DIR050;7
308140;DIRA93;7
308140;DIRA95;7
308140;DIR016;8
308140;DIR041;8
308140;DIR045;8
308140;DIRA76;8
308140;DIRA94;8
308140;DIRA96;8
308140;DIR034;9
308140;DIR189;9
308140;DIRA78;9
308140;DIRA97;9
308140;DIRA77;10
315110;BIO159;1
315110;EDCA16;1
315110;EDCD40;1
315110;EDCD48;1
315110;EDCD76;1
315110;FCH001;1
315110;DAN062;2
315110;EDCD49;2
315110;EDCD50;2
315110;EDCD52;2
315110;FCH007;2
315110;ICS007;2
315110;EDCD51;3
315110;EDCD53;3
315110;EDCD54;3
315110;EDCD55;3
315110;EDCD56;3
315110;EDCD75;3
315110;EDCD57;4
315110;EDCD59;4
315110;EDCD62;4
315110;ICS021;4
315110;LETE46;4
315110;EDC238;5
315110;EDCA01;5
315110;EDCD60;5
315110;EDCD61;5
315110;EDCD71;5
315110;EDCD64;6
315110;EDCD70;6
315110;EDCD72;6
315110;EDC243;7
315110;EDCA02;7
315110;EDCD58;7
315110;EDCD73;7
315110;EDCD74;8
203140;ENFA84;1
203140;ENFA85;1
203140;ENFA86;1
203140;ENFC27;1
203140;ISCA82;1
203140;LETA40;1
203140;MATD03;1
203140;BIOB09;2
203140;ENFB19;2
203140;ICS052;2
203140;ICSA97;2
203140;ICSB23;2
203140;ENFC28;3
203140;ENFC29;3
203140;ICSA98;3
203140;ICSB04;3
203140;ICSB05;3
203140;ICSB06;3
203140;ICSB07;3
203140;ENFC30;4
203140;ENFC31;4
203140;ENFC32;4
203140;ICS066;4
203140;NUT150;4
203140;ENFA91;5
203140;ENFC33;5
203140;ENFC34;5
203140;ICSB13;5
203140;ICSB14;5
203140;IPSC70;5
203140;ENFC35;6
203140;ENFC36;6
203140;ENFC37;6
203140;ENFC38;6
203140;ENFA97;7
203140;ENFC39;7
203140;ENFC40;7
203140;ENFC41;7
203140;ENFC42;7
203140;ENFC43;8
203140;ENFC44;8
203140;ENFB20;9
203140;ENFB21;10
216140;IMS001;1
216140;IMS010;1
216140;IMS011;1
216140;IMS048;1
216140;IMS050;1
216140;IMS180;1
216140;IMS003;2
216140;IMS014;2
216140;IMS015;2
216140;IMS035;2
216140;IMS047;2
216140;IMS051;2
216140;IMS002;3
216140;IMS006;3
216140;IMS031;3
216140;IMS040;3
216140;IMS049;3
216140;IMS052;3
216140;IMS005;4
216140;IMS032;4
216140;IMS033;4
216140;IMS034;4
216140;IMS036;5
216140;IMS038;5
216140;IMS041;5
216140;IMS042;6
216140;IMS043;6
216140;IMS045;6
216140;IMS037;7
216140;IMS039;7
216140;IMS044;7
216140;IMSA74;8
216140;IMSA76;8
216140;IMSA75;9
216140;IMSA77;9
102140;ARQ013;1
102140;ENG446;1
102140;FIS121;1
102140;GEOA01;1
102140;MATA01;1
102140;MATA02;1
102140;ARQ134;2
102140;ENG447;2
102140;FIS122;2
102140;MATA03;2
102140;MATA07;2
102140;ENGA50;3
102140;ENGN89;3
102140;FIS123;3
102140;MATA04;3
102140;QUI029;3
102140;ENG003;4
102140;ENG370;4
102140;ENGA51;4
102140;ENGN90;4
102140;MAT045;4
102140;MAT236;4
102140;ENG301;5
102140;ENG304;5
102140;ENGA52;5
102140;ENGA53;5
102140;ENGA54;5
102140;MAT174;5
102140;DIR175;6
102140;ENG114;6
102140;ENG269;6
102140;ENG298;6
102140;ENG305;6
102140;ENGA55;6
102140;ENG118;7
102140;ENG136;7
102140;ENG296;7
102140;ENG299;7
102140;ENG300;7
102140;ENGA56;7
102140;ENG119;8
102140;ENG273;8
102140;ENG297;8
102140;ENG303;8
102140;ENG371;8
102140;ENGA57;8
102140;ENGA58;9
102140;ENGA60;9
102140;ENG302;10
194140;ENGJ18;1
194140;FIS121;1
194140;MATA01;1
194140;MATA02;1
194140;ARQ011;2
194140;ARQ013;2
194140;FIS122;2
194140;MATA03;2
194140;ENGA50;3
194140;FIS123;3
194140;MATA04;3
194140;MATA07;3
194140;ENG370;4
194140;ENGJ17;4
194140;ENGJ19;4
194140;ENGJ20;4
194140;ENGJ21;4
194140;ENGJ44;4
194140;ENG269;5
194140;ENGC30;5
194140;ENGJ22;5
194140;ENGJ25;5
194140;MAT174;5
194140;ENG304;6
194140;ENGJ23;6
194140;ENGJ27;6
194140;ENGJ28;6
194140;ENGJ29;6
194140;ENGG62;7
194140;ENGJ16;7
194140;ENGJ24;7
194140;ENGL73;7
194140;GEOA17;7
194140;ENG371;8
194140;ENGA58;8
194140;ENGJ33;8
194140;ENGJ34;8
194140;ENGJ38;8
194140;ENGJ26;9
194140;ENGJ31;9
194140;ENGJ32;9
194140;ENGJ36;9
194140;ENGA57;10
194140;ENGJ35;10
194140;ENGJ37;10
194140;ENGJ40;10
194140;ENGJ39;11
194140;ENGJ41;11
194140;ENGJ42;11
194140;ENGJ43;12
186140;FIS121;1
186140;MATA01;1
186140;MATA02;1
186140;QUI029;1
186140;ENGC26;2
186140;ENGG51;2
186140;FIS122;2
186140;MATA03;2
186140;MATA07;2
186140;ENGA47;3
186140;ENGC40;3
186140;FIS123;3
186140;MATA04;3
186140;MATA97;3
186140;ENG269;4
186140;ENGC30;4
186140;ENGC32;4
186140;MAT236;4
186140;MATA37;4
186140;ENGC24;5
186140;ENGC25;5
186140;ENGC41;5
186140;ENGG52;5
186140;ENGG62;5
186140;MATA47;5
186140;ENG370;6
186140;ENGC33;6
186140;ENGC50;6
186140;MAT174;6
186140;MATA40;6
186140;ENGC63;7
186140;ENGG53;7
186140;MATA49;7
186140;MATA52;7
186140;MATA55;7
186140;ENGG54;8
186140;ENGG56;8
186140;MATA51;8
186140;MATA58;8
186140;MATA59;8
186140;ENGD33;9
186140;ENGG57;9
186140;MATA61;9
186140;MATA62;9
186140;MATA82;9
186140;ECO151;10
186140;ENGG55;10
186140;ENGG58;10
186140;ENGG59;11
186140;ENGG60;11
186140;ADM012;12
186140;DIR175;12
186140;ENGG61;12
188140;MATA01;1
188140;MATA02;1
188140;FIS121;2
188140;MATA03;2
188140;MATA38;2
188140;ENG269;3
188140;MATA07;3
188140;MATA37;3
188140;MATA48;3
188140;FIS122;4
188140;MATA04;4
188140;MATA40;4
188140;FIS123;5
188140;FIS124;5
188140;MATC30;5
188140;QUIB50;5
188140;ENG003;6
188140;ENGD02;6
188140;ENGD06;6
188140;ENGF91;6
188140;ENG314;7
188140;ENGF79;7
188140;ENGF94;7
188140;ENGG03;7
188140;ENG032;8
188140;ENG229;8
188140;ENGF93;8
188140;ENG009;9
188140;ENGF95;9
188140;ENGF99;9
188140;ENG179;10
188140;ENGF96;10
188140;ENGG01;10
188140;ENGG05;10
188140;ENG037;11
188140;ENGD07;11
188140;ENGF97;11
188140;ENGG02;11
188140;ENGH70;12
103140;ARQ011;1
103140;ARQ013;1
103140;ENG007;1
103140;GEO004;1
103140;MATA01;1
103140;MATA02;1
103140;ENG269;2
103140;FIS121;2
103140;GEO005;2
103140;MATA03;2
103140;MATA07;2
103140;QUIA27;2
103140;ADM012;3
103140;ENG001;3
103140;FIS122;3
103140;MAT236;3
103140;MATA04;3
103140;QUI028;3
103140;DIR175;4
103140;ECO151;4
103140;ENG002;4
103140;ENG370;4
103140;FIS123;4
103140;MAT045;4
103140;ENG003;5
103140;ENG169;5
103140;ENG285;5
103140;ENG323;5
103140;FIS124;5
103140;MAT174;5
103140;ENG128;6
103140;ENG247;6
103140;ENG248;6
103140;GEO155;6
103140;GEO157;6
103140;ARQ129;7
103140;ENG043;7
103140;ENG250;7
103140;ENG268;7
103140;GEO156;7
103140;GEO159;7
103140;ENG251;8
103140;ENG254;8
103140;ENG255;8
103140;ENG256;8
103140;ENG260;8
103140;GEO158;8
103140;ENG253;9
103140;ENG257;9
103140;ENGF14;10
103140;ENGF15;10
185140;ENGF56;1
185140;MATA01;1
185140;MATA02;1
185140;ENGD01;2
185140;FIS121;2
185140;MATA03;2
185140;ENG041;3
185140;ENGD02;3
185140;MATA07;3
185140;QUIB50;3
185140;ECO151;4
185140;FIS122;4
185140;MATA04;4
185140;ENG207;5
185140;ENG269;5
185140;ENGF81;5
185140;ENGF90;5
185140;ENGF77;6
185140;ENGF78;6
185140;ENGF80;6
185140;ENGF82;6
185140;FCC024;6
185140;DIR175;7
185140;ENG308;7
185140;ENGF79;7
185140;ENGF86;7
185140;ENG037;8
185140;ENG040;8
185140;ENG179;8
185140;ENG430;8
185140;ENGA62;8
185140;ENG039;9
185140;ENGF83;9
185140;ENGF84;9
185140;ENGF85;9
185140;ENG432;10
185140;ENGF88;10
185140;FIS123;10
185140;ENG003;11
185140;ENGF89;11
185140;ENGF87;12
104140;ARQ011;1
104140;ENG439;1
104140;FIS121;1
104140;MATA01;1
104140;MATA02;1
104140;QUI029;1
104140;ENGC26;2
104140;ENGC28;2
104140;ENGC29;2
104140;FIS122;2
104140;MAT045;2
104140;MATA03;2
104140;MATA07;2
104140;ENGA47;3
104140;ENGC30;3
104140;ENGC32;3
104140;ENGC37;3
104140;FIS123;3
104140;MATA04;3
104140;MATA06;3
104140;ENG370;4
104140;ENGC24;4
104140;ENGC25;4
104140;ENGC38;4
104140;ENGC40;4
104140;ENGC41;4
104140;FIS124;4
104140;ENGC33;5
104140;ENGC34;5
104140;ENGC39;5
104140;ENGC50;5
104140;ENGC51;5
104140;MAT174;5
104140;MAT236;5
104140;ENGC27;6
104140;ENGC31;6
104140;ENGC35;6
104140;ENGC36;6
104140;ENGC44;6
104140;ENGC46;6
104140;ENGC53;6
104140;ENG269;7
104140;ENG295;7
104140;ENGC42;7
104140;ENGC43;7
104140;ENGC47;7
104140;ENGC49;7
104140;ENGC54;7
104140;ADM012;8
104140;ENGC45;8
104140;ENGC48;8
104140;ENGC52;8
104140;ENGC55;8
104140;DIR175;9
104140;ECO151;9
104140;ENGC56;9
104140;ENGC57;9
105140;ARQ013;1
105140;ENG033;1
105140;MATA01;1
105140;MATA02;1
105140;QUI029;1
105140;ARQ011;2
105140;FIS121;2
105140;MATA03;2
105140;MATA07;2
105140;ENG041;3
105140;ENG207;3
105140;FIS122;3
105140;MAT045;3
105140;MATA04;3
105140;ENG001;4
105140;ENG042;4
105140;ENG314;4
105140;ENG370;4
105140;FIS123;4
105140;MAT174;4
105140;ENG002;5
105140;ENG285;5
105140;ENG315;5
105140;FIS124;5
105140;MAT236;5
105140;ENG003;6
105140;ENG110;6
105140;ENG309;6
105140;ENG323;6
105140;ENG441;6
105140;ECO151;7
105140;ENG269;7
105140;ENG324;7
105140;ENG443;7
105140;ENG444;7
105140;ENG445;7
105140;ADM012;8
105140;DIR175;8
105140;ENG312;8
105140;ENG318;8
105140;ENG319;8
105140;ENG320;8
105140;ENG220;9
105140;ENG442;9
105140;ENG034;10
105140;ENG374;10
106140;ENGC99;1
106140;MATA01;1
106140;MATA02;1
106140;QUI037;1
106140;ENGD01;2
106140;FIS121;2
106140;MATA03;2
106140;MATA07;2
106140;ENGD02;3
106140;FIS122;3
106140;MATA04;3
106140;QUIA01;3
106140;QUIA15;3
106140;ENG372;4
106140;ENGD04;4
106140;FIS123;4
106140;QUI138;4
106140;QUIA16;4
106140;QUIA17;4
106140;ENG008;5
106140;ENG269;5
106140;ENG353;5
106140;ENG396;5
106140;ENGD05;5
106140;QUI139;5
106140;ENG003;6
106140;ENG358;6
106140;ENG426;6
106140;ENG427;6
106140;ENG009;7
106140;ENG185;7
106140;ENG364;7
106140;ENG421;7
106140;ENGD06;7
106140;ENG360;8
106140;ENGD03;8
106140;ENGD08;8
106140;ENG363;9
106140;ENGD07;9
106140;ENG369;10
107140;ARQ013;1
107140;ENG014;1
107140;GEO004;1
107140;MATA01;1
107140;MATA02;1
107140;ARQ011;2
107140;BIO009;2
107140;FIS121;2
107140;MATA03;2
107140;QUI029;2
107140;ENG001;3
107140;ENG128;3
107140;FIS122;3
107140;MATA04;3
107140;MATA07;3
107140;ENG002;4
107140;ENG271;4
107140;ENG370;4
107140;FIS123;4
107140;MAT045;4
107140;MAT236;4
107140;ECO151;5
107140;ENG060;5
107140;ENG136;5
107140;ENG280;5
107140;ENGN90;5
107140;FIS124;5
107140;ENG003;6
107140;ENG301;6
107140;ENG352;6
107140;ENGA54;6
107140;MAT174;6
107140;ADM012;7
107140;ENG016;7
107140;ENG214;7
107140;ENG272;7
107140;ENG274;7
107140;ENG298;7
107140;ENG371;7
107140;DIR175;8
107140;ENG015;8
107140;ENG118;8
107140;ENG213;8
107140;ENG275;8
107140;ENG296;8
107140;ENG273;9
107140;ENG277;9
107140;ENG278;9
107140;ENGL27;9
107140;ENG137;10
107140;ENG281;10
107140;ENG288;10
116130;MAT198;1
116130;MATA01;1
116130;MATA02;1
116130;MATB59;1
116130;MAT223;2
116130;MATA03;2
116130;MATA07;2
116130;MATD38;2
116130;MATD39;2
116130;FCHC45;3
116130;MAT045;3
116130;MAT224;3
116130;MATA04;3
116130;MATD41;3
116130;LETA09;4
116130;MAT174;4
116130;MAT186;4
116130;MATD40;4
116130;MATD42;4
116130;MAT229;5
116130;MATD43;5
116130;MATD44;5
116130;MATD46;5
116130;MATD47;6
116130;MATD48;6
116130;MATD50;6
116130;MATD51;6
116130;ADM001;7
116130;MATD45;7
116130;MATD49;7
116130;MATD52;7
116130;MATD53;8
281143;BIOA79;1
281143;BIOA80;1
281143;BIOA81;1
281143;FARA44;1
281143;FARA66;1
281143;QUIB13;1
281143;FARA70;2
281143;FCHF12;2
281143;ICS070;2
281143;ICSA43;2
281143;ICSA44;2
281143;ISCA81;2
281143;QUIB14;2
281143;FAR100;3
281143;FARA01;3
281143;ICSA45;3
281143;QUI138;3
281143;QUIB35;3
281143;FAR101;4
281143;ICS019;4
281143;MAT047;4
281143;QUI139;4
281143;QUIB36;4
281143;FAR176;5
281143;ICS071;5
281143;ICSA46;5
281143;ICSA47;5
281143;ICSA48;5
281143;MATA44;5
281143;QUI012;5
281143;FARA71;6
281143;FARA72;6
281143;ICS036;6
281143;ISCA82;6
281143;QUIB37;6
281143;FAR110;7
281143;FAR145;7
281143;FARA34;7
281143;FARA74;7
281143;FARA81;7
281143;FAR141;8
281143;FAR147;8
281143;FARA73;8
281143;FAR113;9
281143;FAR181;9
281143;FARA75;9
281143;FARA79;9
281143;FARA76;10
281143;FARA80;10
281143;FARA82;10
281143;FARA89;10
281143;ISCA83;10
281143;FAR107;11
281143;FARA77;11
281143;FARA83;11
281143;FARA84;11
281143;FARA85;11
281143;FARA78;12
281143;FARA86;12
281143;FARA88;12
281143;FARA90;12
281143;FARA87;13
281143;FARA91;13
204143;BIOA79;1
204143;BIOA80;1
204143;BIOA81;1
204143;FARA44;1
204143;ISCA81;1
204143;MAT047;1
204143;QUIB13;1
204143;FARA66;2
204143;FARA70;2
204143;ICS070;2
204143;ICSA43;2
204143;ICSA44;2
204143;MATA44;2
204143;QUI138;2
204143;QUIB14;2
204143;FAR100;3
204143;FARA01;3
204143;FCHF12;3
204143;ICS071;3
204143;ICSA45;3
204143;QUI139;3
204143;QUIB35;3
204143;FAR101;4
204143;ICS019;4
204143;ICSA46;4
204143;ICSA47;4
204143;ICSA48;4
204143;QUIB36;4
204143;QUIB37;4
204143;FAR176;5
204143;FARA71;5
204143;FARA72;5
204143;FARA73;5
204143;ICS036;5
204143;ISCA82;5
204143;QUI012;5
204143;FAR110;6
204143;FAR141;6
204143;FAR145;6
204143;FARA34;6
204143;FARA74;6
204143;FARA75;6
204143;FAR113;7
204143;FAR147;7
204143;FAR181;7
204143;FARA76;7
204143;FARA79;7
204143;FARA80;7
204143;FARA81;7
204143;ISCA83;7
204143;FARA77;8
204143;FARA82;8
204143;FARA83;8
204143;FARA84;8
204143;FARA85;8
204143;FARA89;8
204143;FAR107;9
204143;FARA78;9
204143;FARA86;9
204143;FARA88;9
204143;FARA90;9
204143;FARA87;10
204143;FARA91;10
217140;IMS001;1
217140;IMS010;1
217140;IMS020;1
217140;IMS048;1
217140;IMS059;1
217140;IMS078;1
217140;IMS080;1
217140;IMS006;2
217140;IMS076;2
217140;IMS079;2
217140;IMS081;2
217140;IMS085;2
217140;IMS150;2
217140;IMS180;2
217140;IMS003;3
217140;IMS012;3
217140;IMS015;3
217140;IMS016;3
217140;IMS017;3
217140;IMS082;3
217140;IMS090;3
217140;IMS002;4
217140;IMS018;4
217140;IMS070;4
217140;IMS071;4
217140;IMS083;4
217140;IMS091;4
217140;IMS005;5
217140;IMS019;5
217140;IMS021;5
217140;IMS063;5
217140;IMS065;5
217140;IMS084;5
217140;IMS064;6
217140;IMS092;6
217140;IMS093;6
217140;IMS099;6
217140;IMS112;6
217140;IMS022;7
217140;IMS072;7
217140;IMS094;7
217140;IMS095;7
217140;IMS107;7
217140;IMS115;7
217140;IMS096;8
217140;IMS098;8
217140;IMS100;8
217140;IMS102;8
217140;IMS103;8
217140;IMS097;9
217140;IMS101;9
217140;IMS104;9
217140;IMS161;9
217140;IMS105;10
217140;IMS163;10
309120;FCHB42;1
309120;FCHB49;1
309120;FCHB51;1
309120;FCHB43;2
309120;FCHB50;2
309120;FCHB52;2
309120;FCH028;3
309120;FCHB44;3
309120;FCHB45;4
309120;FCHB54;4
309120;LETE46;4
309120;EDCA01;5
309120;EDCA11;5
309120;FCH033;5
309120;FCH280;5
309120;FCHB46;5
309120;FCHB55;5
309120;EDCA02;6
309120;EDCA12;6
309120;FCH283;6
309120;FCHB47;6
309120;FCHB56;6
309120;FCHC33;6
309120;EDC277;7
309120;EDCA17;7
309120;FCHB48;7
309120;FCHB57;7
309120;FCHB59;7
309120;EDCA18;8
309120;FCHB58;8
309120;FCHC67;8
181120;FISC50;1
181120;MATA01;1
181120;MATA02;1
181120;EDCA01;2
181120;FIS121;2
181120;FISC51;2
181120;MATA03;2
181120;QUI003;2
181120;FIS122;3
181120;FISC52;3
181120;MATA04;3
181120;EDCA02;4
181120;EDCA11;4
181120;EDCJ33;4
181120;FIS123;4
181120;EDCA12;5
181120;FIS124;5
181120;FISC63;5
181120;EDCJ32;6
181120;FISC54;6
181120;FISC55;6
181120;FISC58;6
181120;EDCJ34;7
181120;FISC56;7
181120;FISC59;7
181120;FISC61;7
181120;FISC62;7
181120;EDCJ35;8
181120;FISC53;8
181120;FISC64;8
181120;EDCJ36;9
181120;FISC60;9
181120;LETE48;9
181120;EDC287;10
181120;EDCJ37;10
181120;FISC57;10
108120;FIS121;1
108120;FISC50;1
108120;MATA01;1
108120;MATA02;1
108120;EDCA01;2
108120;FIS122;2
108120;FISC51;2
108120;MATA03;2
108120;QUI003;2
108120;EDCA11;3
108120;FIS123;3
108120;FISC52;3
108120;MATA04;3
108120;EDCA02;4
108120;EDCA12;4
108120;EDCJ33;4
108120;FIS124;4
108120;EDCJ32;5
108120;EDCJ34;5
108120;FISC54;5
108120;FISC55;5
108120;FISC58;5
108120;FISC63;5
108120;EDCJ35;6
108120;FISC56;6
108120;FISC59;6
108120;FISC61;6
108120;FISC62;6
108120;EDCJ36;7
108120;FISC53;7
108120;FISC60;7
108120;FISC64;7
108120;EDC287;8
108120;EDCJ37;8
108120;FISC57;8
108120;LETE48;8
222140;ICSA05;1
222140;ICSA91;1
222140;ICSA92;1
222140;ICSB60;1
222140;ICSB61;1
222140;ICSC32;1
222140;ICSA93;2
222140;ICSB79;2
222140;ICSB80;2
222140;ICSB81;2
222140;ICSB83;2
222140;ICSC31;2
222140;ISC001;2
222140;ICSB84;3
222140;ICSB85;3
222140;ICSB86;3
222140;ICSB87;3
222140;ICSB88;3
222140;ISCB08;3
222140;ICSB89;4
222140;ICSB90;4
222140;ICSB91;4
222140;ICSB92;4
222140;ICSB93;4
222140;ICSB94;4
222140;NUT170;4
222140;ICS048;5
222140;ICSB95;5
222140;ICSB96;5
222140;ICSB97;5
222140;ICSB98;5
222140;ICSB99;5
222140;ICSC01;6
222140;ICSC02;6
222140;ICSC03;6
222140;ICSC04;6
222140;ICSC05;6
222140;ICSC06;6
222140;ICSC07;6
222140;ICSC08;6
222140;ICSC09;6
222140;ICSC10;7
222140;ICSC11;7
222140;ICSC12;7
222140;ICSC13;7
222140;ICSC14;7
222140;ICSC15;7
222140;ICSC16;7
222140;ICSC17;7
222140;ICSC18;8
222140;ICSC19;8
222140;ICSC20;8
222140;ICSC21;8
222140;ICSC22;8
222140;ICSC23;8
222140;ICSC24;9
222140;ICSC25;9
222140;ICSC26;10
222140;ICSC27;10
210140;FCH006;1
210140;ICS007;1
210140;ICS073;1
210140;ICSB01;1
210140;ICSB55;1
210140;IPSA01;1
210140;ISC001;1
210140;LET001;1
210140;ICS076;2
210140;ICSA95;2
210140;ICSA96;2
210140;ICSA99;2
210140;ICSB02;2
210140;IPSA77;2
210140;ISCB04;2
210140;LET399;2
210140;FOF025;3
210140;ICSB03;3
210140;ICSB08;3
210140;ICSB09;3
210140;ICSB10;3
210140;ICSB18;3
210140;ISCA82;3
210140;LET396;3
210140;ICSB11;4
210140;ICSB19;4
210140;ICSB25;4
210140;ICSB30;4
210140;ISCB08;4
210140;MED238;4
210140;MED240;4
210140;ICS105;5
210140;ICSB12;5
210140;ICSB20;5
210140;ICSB26;5
210140;ICSB31;5
210140;ISCB20;5
210140;LETE48;5
210140;ICS085;6
210140;ICS087;6
210140;ICSB16;6
210140;ICSB21;6
210140;ICSB27;6
210140;ICSB32;6
210140;ICSB35;6
210140;ICS098;7
210140;ICSB15;7
210140;ICSB22;7
210140;ICSB28;7
210140;ICSB34;7
210140;ICSB38;7
210140;ICSB50;7
210140;ICSB24;8
210140;ICSB33;8
210140;ICSB39;8
210140;ICSB42;8
210140;ICSB45;8
210140;ICSB47;8
210140;ICSB51;8
210140;ICSB36;9
210140;ICSB40;9
210140;ICSB43;9
210140;ICSB46;9
210140;ICSB48;9
210140;ICSB52;9
210140;ICSB37;10
210140;ICSB41;10
210140;ICSB44;10
210140;ICSB49;10
210140;ICSB54;10
282140;HACA01;1
282140;LET044;1
282140;NUTA20;1
282140;NUTA21;1
282140;NUTA22;1
282140;HACA48;2
282140;LETA37;2
282140;NUTA23;2
282140;NUTA24;2
282140;NUTA25;2
282140;NUTA26;2
282140;LETD49;3
282140;NUTA27;3
282140;NUTA28;3
282140;NUTA29;3
282140;NUTA30;3
282140;NUTA68;3
282140;LETD50;4
282140;NUTA31;4
282140;NUTA32;4
282140;NUTA34;4
282140;NUTA35;4
282140;NUTA36;4
282140;NUTA38;5
282140;NUTA39;5
282140;NUTA40;5
282140;NUTA41;5
282140;NUTA42;6
282140;NUTA44;6
282140;NUTA45;6
282140;NUTA46;6
282140;NUTA48;7
282140;NUTA49;7
282140;NUTA50;7
282140;NUTA53;7
282140;NUTA37;8
282140;NUTA43;8
282140;NUTA47;8
282140;NUTA51;8
282140;NUTA52;8
383130;FCHE01;1
383130;FCHE02;1
383130;FCHE03;1
383130;FCHE38;1
383130;FCHE04;2
383130;FCHE05;2
383130;FCHE39;2
383130;FCHE43;3
383130;FCHE44;3
383130;FCHE40;4
383130;FCHE41;4
383130;FCHE23;5
383130;FCHE42;5
383130;FCHE24;6
383130;FCHE25;6
383130;FCHE28;6
383130;FCHE27;7
383130;FCHE31;7
383130;FCHE59;7
383130;FCHE30;8
383130;FCHE32;8
118130;FIS121;1
118130;GEO202;1
118130;MATA01;1
118130;MATA02;1
118130;QUI003;1
118130;FIS122;2
118130;GEO203;2
118130;GEO204;2
118130;MATA03;2
118130;MATA07;2
118130;FIS123;3
118130;GEO205;3
118130;GEO206;3
118130;MATA04;3
118130;FIS124;4
118130;FIS138;4
118130;GEO207;4
118130;MAT045;4
118130;MATA05;4
118130;FIS132;5
118130;GEO208;5
118130;GEO209;5
118130;GEO210;5
118130;GEO212;5
118130;FIS133;6
118130;GEO162;6
118130;GEO211;6
118130;GEO215;6
118130;GEO213;7
118130;GEO216;7
118130;GEO217;7
118130;GEO225;7
182120;FCH001;1
182120;GEOA13;1
182120;GEOA14;1
182120;GEOA15;1
182120;MAT021;1
182120;EDCA01;2
182120;GEO035;2
182120;GEOA16;2
182120;GEOA17;2
182120;EDCA02;3
182120;EDCA11;3
182120;GEO134;3
182120;GEOA19;3
182120;GEOA23;3
182120;EDCA12;4
182120;GEOA18;4
182120;GEOA21;4
182120;LETE46;4
182120;GEOA20;5
182120;GEOA24;5
182120;GEOA26;5
182120;GEO084;6
182120;GEO132;7
182120;GEOA30;7
182120;GEOA28;8
109120;FCH001;1
109120;GEOA13;1
109120;GEOA14;1
109120;GEOA15;1
109120;MAT021;1
109120;EDCA01;2
109120;GEO035;2
109120;GEOA16;2
109120;GEOA17;2
109120;EDCA02;3
109120;EDCA11;3
109120;GEO134;3
109120;GEOA19;3
109120;GEOA23;3
109120;EDCA12;4
109120;GEOA18;4
109120;GEOA21;4
109120;LETE46;4
109120;GEOA20;5
109120;GEOA24;5
109120;GEOA26;5
109120;GEO084;6
109120;GEO132;7
109120;GEOA30;7
109120;GEOA28;8
110140;GEO039;1
110140;MATA01;1
110140;QUI003;1
110140;FIS121;2
110140;GEO038;2
110140;GEOB16;2
110140;MATA02;2
110140;FIS122;3
110140;GEO305;3
110140;GEOB14;3
110140;GEOB17;3
110140;MATA03;3
110140;FIS123;4
110140;GEO103;4
110140;GEO309;4
110140;GEOB15;4
110140;QUI028;4
110140;GEO046;5
110140;GEO047;5
110140;GEO102;5
110140;GEO117;5
110140;GEO308;5
110140;GEO049;6
110140;GEO050;6
110140;GEO057;6
110140;GEO188;6
110140;GEO307;6
110140;GEO052;7
110140;GEO189;7
110140;GEO220;7
110140;GEO222;7
110140;GEO310;7
110140;GEO055;8
110140;GEO311;8
110140;GEO312;8
110140;GEO313;9
110140;GEO314;9
386120;EDCA02;1
386120;FCH014;1
386120;FCH024;1
386120;FCHD95;1
386120;EDCA01;2
386120;FCH015;2
386120;FCH176;2
386120;FCHG06;2
386120;EDCA11;3
386120;FCH016;3
386120;FCHD90;3
386120;FCHD94;3
386120;EDCA12;4
386120;FCH017;4
386120;FCH431;4
386120;FCH018;5
386120;FCH184;5
386120;FCH189;5
386120;FCH440;5
386120;FCH020;6
386120;FCH185;6
386120;FCH196;6
386120;FCH441;6
386120;FCHD91;6
386120;FCH019;7
386120;FCH190;7
386120;FCH192;7
386120;FCH432;7
386120;EDCB31;8
386120;FCH023;8
386120;FCH287;8
386120;FCHD97;8
386120;EDCB32;9
386120;FCHD98;9
386120;LETE46;9
310120;EDCA01;1
310120;EDCA02;1
310120;FCH014;1
310120;FCH024;1
310120;FCHD95;1
310120;EDCA11;2
310120;FCH015;2
310120;FCH176;2
310120;FCHG06;2
310120;EDCA12;3
310120;FCH016;3
310120;FCHD90;3
310120;FCHD94;3
310120;EDCB31;4
310120;FCH017;4
310120;FCH431;4
310120;FCHD91;4
310120;LETE46;4
310120;FCH018;5
310120;FCH184;5
310120;FCH189;5
310120;FCH440;5
310120;FCH020;6
310120;FCH185;6
310120;FCH196;6
310120;FCH441;6
310120;EDCB32;7
310120;FCH019;7
310120;FCH190;7
310120;FCH432;7
310120;FCHD97;7
310120;FCH023;8
310120;FCH192;8
310120;FCH287;8
310120;FCHD98;8
509441;MUSA43;1
509441;MUSA59;1
509441;MUSC35;1
509441;MUSA60;2
509441;MUSA78;2
509441;MUSD05;2
509441;MUSA61;3
509441;MUSA69;3
509441;MUSA79;3
509441;MUSB31;3
509441;MUSC58;3
509441;MUSD06;3
509441;MUSA62;4
509441;MUSA70;4
509441;MUSB32;4
509441;MUSB78;4
509441;MUSC55;4
509441;MUSD07;4
509441;MUSA71;5
509441;MUSB33;5
509441;MUSC46;5
509441;MUSC56;5
509441;MUSC86;5
509441;MUSD08;5
509441;MUSA72;6
509441;MUSB34;6
509441;MUSC57;6
509441;MUSC87;6
509441;MUSC88;6
509441;MUSD09;6
509441;MUSA36;7
509441;MUSD10;7
509441;MUSA37;8
509441;MUSD11;8
402200;LETA09;1
402200;LETA10;1
402200;LETA11;1
402200;LETA12;1
402200;LETA13;1
402200;LETB42;1
402200;LETA14;2
402200;LETA16;2
402200;LETA17;2
402200;LETA18;2
402200;LETA19;2
402200;LETB43;2
402200;LETA21;3
402200;LETA22;3
402200;LETA23;3
402200;LETA24;3
402200;LETA31;3
402200;LETB44;3
402200;LETA25;4
402200;LETA26;4
402200;LETA32;4
402200;LETA90;4
402200;LETA91;4
402200;LETA92;4
402200;LETE48;4
402200;LETA27;5
402200;LETA29;5
402200;LETA93;5
402200;LETA94;5
402200;LETA95;5
402200;EDCA11;6
402200;LETA20;6
402200;LETA30;6
402200;LETA96;6
402200;LETA97;6
402200;EDCA12;7
402200;LETA03;7
402200;LETA28;7
402200;LETA98;7
402200;EDCA62;8
402200;LETB28;8
402200;EDCA63;9
402200;LETB29;9
480120;LETA09;1
480120;LETA10;1
480120;LETA11;1
480120;LETA13;1
480120;LETA14;1
480120;LETA12;2
480120;LETA16;2
480120;LETA17;2
480120;LETA19;2
480120;LETA18;3
480120;LETA21;3
480120;LETA22;3
480120;LETA24;3
480120;LETA20;4
480120;LETA23;4
480120;LETA25;4
480120;LETA26;4
480120;LETA28;4
480120;LETE48;4
480120;EDCA11;5
480120;LETA27;5
480120;LETA29;5
480120;LETA31;5
480120;LETA32;5
480120;EDCA12;6
480120;LETA15;6
480120;LETA30;6
480120;LETA35;6
480120;LETA36;6
480120;LETA37;6
480120;LETA38;6
480120;EDCA62;7
480120;LETA03;7
480120;EDCA63;8
481120;LETA10;1
481120;LETA11;1
481120;LETA14;1
481120;LETB42;1
481120;LETE41;1
481120;LETA19;2
481120;LETA21;2
481120;LETB43;2
481120;LETA03;3
481120;LETA24;3
481120;LETA91;3
481120;LETB44;3
481120;LETA12;4
481120;LETA90;4
481120;LETA92;4
481120;LETA97;4
481120;LETE48;4
481120;EDCA11;5
481120;LETA22;5
481120;LETA93;5
481120;LETA94;5
481120;LETA95;5
481120;EDCA12;6
481120;LETA96;6
481120;LETB26;6
481120;LETA98;7
481120;LETB27;7
481120;LETB28;7
481120;LETB29;8
403200;LETA09;1
403200;LETA10;1
403200;LETA11;1
403200;LETA12;1
403200;LETA14;1
403200;LETB42;1
403200;LETA18;2
403200;LETA19;2
403200;LETA21;2
403200;LETA22;2
403200;LETB43;2
403200;LETA24;3
403200;LETA91;3
403200;LETA94;3
403200;LETB44;3
403200;LETA03;4
403200;LETA90;4
403200;LETA92;4
403200;LETA97;4
403200;LETE48;4
403200;EDCA11;5
403200;LETA93;5
403200;LETA95;5
403200;LETB26;5
403200;EDCA12;6
403200;LETA96;6
403200;LETB27;6
403200;LETA98;7
403200;LETB28;7
403200;LETB29;8
401200;LETA09;1
401200;LETA10;1
401200;LETA11;1
401200;LETA12;1
401200;LETA13;1
401200;LETA14;1
401200;LETA16;2
401200;LETA17;2
401200;LETA18;2
401200;LETA19;2
401200;LETA20;3
401200;LETA21;3
401200;LETA22;3
401200;LETA23;3
401200;LETA24;3
401200;LETA25;4
401200;LETA26;4
401200;LETA27;4
401200;LETA28;4
401200;LETE48;4
401200;EDCA11;5
401200;LETA29;5
401200;LETA30;5
401200;EDCA12;6
401200;LETA31;6
401200;EDCA62;7
401200;LETA03;7
401200;LETA32;7
401200;EDCA63;8
209120;ARQ005;1
209120;BIO007;1
209120;ICS007;1
209120;LET044;1
209120;QUI001;1
209120;BIO111;2
209120;EDCA04;2
209120;GEO023;2
209120;MAT015;2
209120;QUI148;2
209120;BIO006;3
209120;EDCA02;3
209120;FIS134;3
209120;FISA01;3
209120;ICS004;3
209120;MAT218;3
209120;EDCA01;4
209120;EDCA03;4
209120;FIS135;4
209120;ICS046;4
209120;NUT170;4
209120;BIO130;5
209120;EDC219;5
209120;EDC283;5
209120;EDCJ81;5
209120;ICS001;5
209120;MAT115;5
209120;EDC140;6
209120;EDC267;6
209120;FAR159;6
209120;LETE46;6
209120;EDC269;7
848120;DANA92;1
848120;DANA93;1
848120;DANA94;1
848120;DANA95;1
848120;DANA96;1
848120;DANB13;1
848120;DANB01;2
848120;DANB03;2
848120;DANB15;2
848120;DANB17;2
848120;DANB30;2
848120;DANA97;3
848120;DANB04;3
848120;DANB08;3
848120;DANB09;3
848120;DANA98;4
848120;DANB05;4
848120;DANB10;4
848120;DANB16;4
848120;DANA99;5
848120;DANB06;5
848120;DANB18;5
848120;DANB31;5
848120;DANB07;6
848120;DANB11;6
848120;DANB19;6
848120;DANB12;7
848120;DANB20;7
848120;DANB02;8
848120;DANB21;8
505120;ARQ005;1
505120;EBA001;1
505120;EBA004;1
505120;FCH002;1
505120;ARQ003;2
505120;ARQ006;2
505120;EBA002;2
505120;EBA008;2
505120;FCH180;2
505120;ARQ004;3
505120;EBA105;3
505120;EBA181;3
505120;EDCA01;3
505120;EDCA11;3
505120;ARQ011;4
505120;EBA111;4
505120;EBA133;4
505120;EDCA12;4
505120;EDCJ26;4
505120;LETE46;4
505120;ARQ010;5
505120;EBA010;5
505120;EBA107;5
505120;EBA135;5
505120;EDCA02;5
505120;EDCJ22;5
505120;EBA015;6
505120;EBA122;6
505120;EDCJ23;6
505120;EBA115;7
505120;EDCJ24;7
505120;EBA116;8
511140;TEAA14;1
511140;TEAA15;1
511140;TEAA21;1
511140;TEAA16;2
511140;TEAA20;2
511140;TEAA17;3
511140;TEAA18;3
511140;LETE46;4
511140;TEAA31;4
511140;TEAA32;4
511140;TEAA43;4
511140;TEAA34;5
511140;TEAA37;5
511140;TEAA46;5
511140;TEAA33;6
511140;TEAA35;6
511140;TEAA47;6
511140;TEAA36;7
511140;TEAA48;7
511140;TEAA49;7
511140;TEAA42;8
511140;TEAA50;8
511140;TEAA51;8
111130;ARQ005;1
111130;MAT191;1
111130;MAT198;1
111130;MAT199;1
111130;MAT045;2
111130;MATB32;2
111130;MATB33;2
111130;MATB34;2
111130;MATB59;2
111130;FIS121;3
111130;MATB31;3
111130;MATB35;3
111130;MATB37;3
111130;MATB38;3
111130;FIS122;4
111130;MATB36;4
111130;MATB40;4
111130;MATB41;4
111130;FIS123;5
111130;MAT174;5
111130;MATB43;5
111130;MATB44;5
111130;MAT205;6
111130;MATB50;6
111130;MATB51;6
111130;MATB52;6
111130;MAT028;7
111130;MAT208;7
111130;MATB46;7
111130;MATB53;7
111130;MATB54;7
111130;MATB49;8
111130;MATB55;8
183120;EDCA01;1
183120;MATB34;1
183120;MATB59;1
183120;ARQ005;2
183120;EDCA02;2
183120;MATB31;3
183120;MATB40;3
183120;EDCA80;4
183120;FIS121;4
183120;EDCA79;5
183120;FIS122;5
183120;MATB43;5
183120;EDCA81;6
183120;LETE46;6
183120;MAT191;6
183120;MATB44;6
183120;EDCA82;7
183120;MATB46;7
183120;MATB49;7
183120;EDCA83;8
183120;EDCA84;9
111120;ARQ005;1
111120;MAT191;1
111120;MAT198;1
111120;MAT199;1
111120;EDCA01;2
111120;MATB32;2
111120;MATB33;2
111120;MATB34;2
111120;MATB59;2
111120;EDCA79;3
111120;MATB31;3
111120;MATB35;3
111120;MATB37;3
111120;MATB38;3
111120;EDCA02;4
111120;EDCA80;4
111120;FIS121;4
111120;MATB40;4
111120;MATB41;4
111120;EDCA81;5
111120;FIS122;5
111120;MATB39;5
111120;MATB42;5
111120;MATB43;5
111120;EDCA82;6
111120;LETE46;6
111120;MATB44;6
111120;MATB45;6
111120;MATB47;6
111120;EDCA83;7
111120;MATB46;7
111120;MATB48;7
111120;EDCA84;8
111120;MATB49;8
205140;BIO158;1
205140;ICS038;1
205140;ICS058;1
205140;ICS062;1
205140;MEDB10;1
205140;MEDB11;1
205140;MEDB12;1
205140;ICS003;2
205140;MEDB13;2
205140;MEDB14;2
205140;MEDB15;2
205140;ICS059;3
205140;MEDB16;3
205140;MEDB17;3
205140;MEDB18;3
205140;MEDB19;3
205140;ICS016;4
205140;ICS039;4
205140;MEDB20;4
205140;MEDB21;4
205140;MEDB22;4
205140;MEDB23;4
205140;MEDB24;4
205140;ICSA90;5
205140;MED103;5
205140;MED237;5
205140;MEDB25;5
205140;MEDB26;5
205140;MEDB27;5
205140;MEDB28;5
205140;MEDB32;5
205140;MEDB29;6
205140;MEDB30;6
205140;MEDB31;6
205140;MEDB33;6
205140;MEDB35;6
205140;MEDB36;6
205140;MEDB37;6
205140;MEDB43;7
205140;MEDB44;7
205140;MEDB45;7
205140;MEDB46;7
205140;MEDB47;7
205140;MEDB48;7
205140;MEDB49;7
205140;MEDB50;7
205140;MEDB51;7
205140;MEDB52;7
205140;MEDB34;8
205140;MEDB53;8
205140;MEDB54;8
205140;MEDB55;8
205140;MEDB56;8
205140;MEDB57;8
205140;MEDB58;8
205140;MEDB59;8
205140;MEDB60;8
205140;MED229;9
205140;MED230;9
205140;MED231;9
205140;MED232;9
205140;MED242;9
205140;MED243;11
205140;MED244;11
205140;MED245;11
205140;MED246;11
847140;IMSD52;1
847140;IMSD53;1
847140;IMSD54;1
847140;IMSD55;1
847140;IMSD56;1
847140;IMSD57;1
847140;IMSD58;2
847140;IMSD59;2
847140;IMSD60;2
847140;IMSD61;2
847140;IMSD62;2
847140;IMSD63;2
847140;IMSD64;3
847140;IMSD65;3
847140;IMSD66;3
847140;IMSD67;3
847140;IMSD69;3
847140;IMSD70;3
847140;IMSD71;4
847140;IMSD72;4
847140;IMSD73;4
847140;IMSD74;4
847140;IMSD75;4
847140;IMSD76;4
847140;IMSD77;5
847140;IMSD78;5
847140;IMSD79;5
847140;IMSD80;5
847140;IMSD81;5
847140;IMSD82;6
847140;IMSD83;6
847140;IMSD84;6
847140;IMSD85;6
847140;IMSD86;6
847140;IMSD87;6
847140;IMSD88;7
847140;IMSD89;7
847140;IMSD90;7
847140;IMSD91;7
847140;IMSD92;7
847140;IMSD93;8
847140;IMSD94;8
847140;IMSD95;8
847140;IMSD96;8
847140;IMSD97;8
847140;IMSD98;8
847140;IMSD99;9
847140;IMSE01;9
847140;IMSE02;11
847140;IMSE03;11
847140;IMSE04;11
847140;IMSE05;11
206140;ICS002;1
206140;ICS043;1
206140;ICS055;1
206140;MEV100;1
206140;BIOA93;2
206140;ICS028;2
206140;ICS056;2
206140;MEV101;2
206140;MEVB22;2
206140;MEVB23;2
206140;ICS018;3
206140;ICS025;3
206140;ICS035;3
206140;MEV137;3
206140;MEVB24;3
206140;ICS013;4
206140;MEV104;4
206140;MEV150;4
206140;MEV163;4
206140;MEVB25;4
206140;MEV115;5
206140;MEV138;5
206140;MEV142;5
206140;MEV151;5
206140;MEVA04;5
206140;MEV140;6
206140;MEV161;6
206140;MEVA03;6
206140;MEV149;7
206140;MEV152;9
206140;MEVC04;9
206140;MEV155;10
311140;EBA001;1
311140;FCH001;1
311140;FCH007;1
311140;FCH124;1
311140;FCHG23;1
311140;FCHG24;1
311140;FCHG56;1
311140;EBA002;2
311140;EDCA04;2
311140;FCHG37;2
311140;FCHG38;2
311140;FCHG40;2
311140;FCHG42;2
311140;FCHG85;2
311140;EBA010;3
311140;FCH187;3
311140;FCHG25;3
311140;FCHG39;3
311140;FCHG41;3
311140;FCHG43;3
311140;FCHG55;3
311140;FCHG86;3
311140;FCHG45;4
311140;FCHG50;4
311140;FCHG52;4
311140;FCHG87;4
311140;FCHG46;5
311140;FCHG48;5
311140;FCHG53;5
311140;FCHG88;5
311140;FCH128;6
311140;FCHG47;6
311140;FCHG49;6
311140;FCHG51;7
311140;FCHG54;7
507120;EDCA02;1
507120;MUSA43;1
507120;MUSA59;1
507120;MUSA69;1
507120;MUSB31;1
507120;MUSC64;1
507120;EDCA01;2
507120;MUSA60;2
507120;MUSA70;2
507120;MUSA92;2
507120;MUSB32;2
507120;MUSC65;2
507120;EDCA11;3
507120;MUS030;3
507120;MUSA61;3
507120;MUSA71;3
507120;MUSB33;3
507120;MUSB76;3
507120;MUSC66;3
507120;EDCA12;4
507120;LETE46;4
507120;MUSA62;4
507120;MUSA72;4
507120;MUSA77;4
507120;MUSA88;4
507120;MUSB34;4
507120;MUSC67;4
507120;MUS182;5
507120;MUS233;5
507120;MUSA63;5
507120;MUSA73;5
507120;MUSA78;5
507120;MUSC68;5
507120;MUS040;6
507120;MUSA64;6
507120;MUSA74;6
507120;MUSA79;6
507120;MUSC69;6
507120;MUS041;7
507120;MUSA75;7
507120;MUSC70;7
507120;MUSA36;8
507120;MUSC71;8
507122;EDCA02;1
507122;MUSA43;1
507122;MUSA59;1
507122;MUSA69;1
507122;MUSB31;1
507122;MUSC64;1
507122;EDCA01;2
507122;MUSA60;2
507122;MUSA70;2
507122;MUSA92;2
507122;MUSB32;2
507122;MUSC65;2
507122;EDCA11;3
507122;MUS030;3
507122;MUSA61;3
507122;MUSA71;3
507122;MUSB33;3
507122;MUSB76;3
507122;MUSC66;3
507122;EDCA12;4
507122;LETE46;4
507122;MUSA62;4
507122;MUSA72;4
507122;MUSA77;4
507122;MUSA88;4
507122;MUSB34;4
507122;MUSC67;4
507122;MUS182;5
507122;MUS233;5
507122;MUSA63;5
507122;MUSA73;5
507122;MUSA78;5
507122;MUSC68;5
507122;MUS040;6
507122;MUSA64;6
507122;MUSA74;6
507122;MUSA79;6
507122;MUSC69;6
507122;MUS041;7
507122;MUSA75;7
507122;MUSC70;7
507122;MUSA36;8
507122;MUSC71;8
514140;MUS003;1
514140;MUS020;1
514140;MUSA09;1
514140;MUSA19;1
514140;MUSA25;1
514140;MUSA02;2
514140;MUSA10;2
514140;MUSA20;2
514140;MUSA26;2
514140;MUS004;3
514140;MUSA03;3
514140;MUSA11;3
514140;MUSA21;3
514140;MUSA30;3
514140;MUSA31;3
514140;MUSA04;4
514140;MUSA12;4
514140;MUSA22;4
514140;MUSA32;4
514140;MUS005;5
514140;MUSA05;5
514140;MUSA13;5
514140;MUSA23;5
514140;MUSA27;5
514140;MUSA06;6
514140;MUSA14;6
514140;MUSA24;6
514140;MUSA28;6
514140;MUSA29;6
514140;MUSA07;7
514140;MUSA15;7
514140;MUSA17;7
514140;MUSA36;7
514140;MUSA08;8
514140;MUSA16;8
514140;MUSA18;8
514140;MUSA37;8
207140;BIO007;1
207140;ICS007;1
207140;ICS026;1
207140;ICS067;1
207140;QUI001;1
207140;ICS021;2
207140;ICS028;2
207140;ICS046;2
207140;ICS068;2
207140;QUI032;2
207140;ECO001;3
207140;FAR158;3
207140;MAT027;3
207140;NUT148;3
207140;NUT152;3
207140;ADM001;4
207140;FAR136;4
207140;FCH006;4
207140;IPSA39;4
207140;ISC002;4
207140;ENG027;5
207140;NUT154;5
207140;NUT155;5
207140;NUT156;5
207140;ICS019;6
207140;NUT123;6
207140;NUT129;6
207140;NUT143;6
207140;NUT157;6
207140;NUT124;7
207140;NUT132;7
207140;NUT136;7
207140;NUT137;7
207140;NUT138;8
207140;NUT144;8
207140;NUT158;8
207140;NUT171;8
207140;NUT176;8
207140;NUT141;9
207140;NUT159;9
207140;NUT172;9
207140;NUTA01;9
207140;NUT160;10
207140;NUT163;10
207140;NUTA02;10
218140;IMS001;1
218140;IMS010;1
218140;IMS078;1
218140;IMS180;1
218140;IMSE74;1
218140;IMSE75;1
218140;IMS014;2
218140;IMSE76;2
218140;IMSE77;2
218140;IMSE78;2
218140;IMSE79;2
218140;IMSE80;2
218140;IMS003;3
218140;IMS006;3
218140;IMS112;3
218140;IMSE81;3
218140;IMSE82;3
218140;IMSE83;3
218140;IMS002;4
218140;IMS005;4
218140;IMS021;4
218140;IMS070;4
218140;IMSE84;4
218140;IMSE85;4
218140;IMS116;5
218140;IMSE87;5
218140;IMSE88;5
218140;IMSE89;5
218140;IMSE90;5
218140;IMSE91;6
218140;IMSE92;6
218140;IMSE93;6
218140;IMSE94;6
218140;IMSE95;6
218140;IMSE96;7
218140;IMSE97;7
218140;IMSE98;7
218140;IMSF27;7
218140;IMS115;8
218140;IMSE99;8
218140;IMSF01;8
218140;IMSF02;9
218140;IMSF03;9
218140;IMSF04;9
218140;IMSF28;9
218140;IMSF05;10
218140;IMSF06;10
208140;FOF002;1
208140;FOF010;1
208140;FOF029;1
208140;ICS007;1
208140;ICS028;1
208140;ICS050;1
208140;BIO158;2
208140;ICS009;2
208140;ICS031;2
208140;ICS040;2
208140;ICS045;2
208140;ICS046;2
208140;FOF001;3
208140;FOF147;3
208140;ICS033;3
208140;ISC001;3
208140;MED146;3
208140;FOF003;4
208140;FOF142;4
208140;FOF149;4
208140;FOF166;4
208140;FOF169;4
208140;FOF004;5
208140;FOF020;5
208140;FOF103;5
208140;FOF160;5
208140;FOF161;5
208140;FOF015;6
208140;FOF021;6
208140;FOF022;6
208140;FOF104;6
208140;FOF167;6
208140;FOF170;6
208140;FOF016;7
208140;FOF023;7
208140;FOF024;7
208140;FOF141;7
208140;FOF162;7
208140;FOF164;7
208140;FOF140;8
208140;FOF155;8
208140;FOF165;8
208140;FOF171;8
208140;FOF018;9
208140;FOF019;9
385120;EDC271;1
385120;EDC272;1
385120;EDC273;1
385120;EDCB57;1
385120;EDCB81;1
385120;EDC283;2
385120;EDC284;2
385120;EDCA05;2
385120;EDCB80;2
385120;EDCB84;2
385120;FCH187;3
385120;GEOB07;3
385120;ICSA82;3
385120;LETE47;3
385120;EDC302;4
385120;EDC303;4
385120;EDC314;4
385120;EDCB86;4
385120;EDCB87;4
385120;EDC290;5
385120;EDC291;5
385120;EDC304;5
385120;EDCB89;5
385120;EDCB90;5
385120;EDC286;6
385120;EDC289;6
385120;EDCB85;6
385120;EDCB91;6
385120;LETE48;6
385120;EDC287;7
385120;EDCB98;7
385120;EDCB92;8
385120;EDCB93;9
385120;EDCB94;9
385120;EDCB95;9
385120;EDCB96;9
385120;EDCB97;10
312140;EDC271;1
312140;EDC272;1
312140;EDC273;1
312140;EDCA05;1
312140;EDCB57;1
312140;EDCB81;1
312140;EDC283;2
312140;EDC284;2
312140;EDC287;2
312140;EDCB80;2
312140;EDCB84;2
312140;EDCB93;3
312140;FCH187;3
312140;GEOB07;3
312140;ICSA82;3
312140;LETE47;3
312140;EDC302;4
312140;EDC303;4
312140;EDC304;4
312140;EDC314;4
312140;EDCB86;4
312140;EDCB87;4
312140;EDCB94;4
312140;EDC290;5
312140;EDC291;5
312140;EDCB85;5
312140;EDCB89;5
312140;EDCB90;5
312140;EDCB95;5
312140;LETE48;5
312140;EDC286;6
312140;EDC289;6
312140;EDCB91;6
312140;EDCB96;6
312140;EDCB98;6
312140;EDCB92;7
312140;EDCB97;8
875120;EDCJ80;1
875120;EDCJ92;1
875120;EDCJ93;1
875120;EDCJ94;1
875120;EDCJ95;1
875120;EDCJ96;1
875120;EDCJ97;2
875120;EDCJ98;2
875120;EDCJ99;2
875120;EDCK01;2
875120;EDCK02;2
875120;EDCK03;2
875120;EDCK04;3
875120;EDCK05;3
875120;EDCK06;3
875120;EDCK08;3
875120;EDCK09;3
875120;EDCK10;4
875120;EDCK11;4
875120;EDCK12;4
875120;EDCK13;4
875120;EDCK14;4
875120;EDCK15;4
875120;EDCK16;4
875120;EDCK17;5
875120;EDCK18;5
875120;EDCK19;5
875120;EDCK20;5
875120;EDCK21;5
875120;EDCK72;5
875120;EDCK22;6
875120;EDCK23;6
875120;EDCK24;6
875120;EDCK25;6
875120;EDCK26;6
875120;EDCK27;6
875120;EDCK28;7
313133;IPSA08;1
313133;IPSA09;1
313133;IPSA10;1
313133;IPSB70;1
313133;IPSB71;1
313133;IPSB72;1
313133;IPSB76;2
313133;IPSB77;2
313133;IPSC10;2
313133;IPSC11;2
313133;IPSC14;2
313133;MEDB09;2
313133;FCH001;3
313133;FCHF89;3
313133;FCHF90;3
313133;IPSC15;3
313133;IPSC21;3
313133;IPSC22;3
313133;IPSC13;4
313133;IPSC16;4
313133;IPSC23;4
313133;IPSC24;4
313133;IPSC25;4
313133;IPSC26;4
313133;IPSC17;5
313133;IPSC28;5
313133;IPSC29;5
313133;IPSC30;5
313133;IPSC31;5
313133;MATC65;5
313133;IPSC18;6
313133;IPSC32;6
313133;IPSC33;6
313133;IPSC34;6
313133;IPSC35;6
313133;IPSC36;6
313133;IPSC19;7
313133;IPSC37;7
313133;IPSC38;7
313133;IPSC39;7
313133;IPSC40;7
313133;IPSC41;7
313133;IPSC42;8
313133;IPSC71;8
313133;IPSC72;9
313133;IPSC46;10
313133;IPSC73;10
328140;IMS008;1
328140;IMS223;1
328140;IMS224;1
328140;IMS225;1
328140;IMS226;1
328140;IMS227;1
328140;IMS228;2
328140;IMS229;2
328140;IMS230;2
328140;IMS231;2
328140;IMS232;2
328140;IMS233;2
328140;IMS035;3
328140;IMS234;3
328140;IMS235;3
328140;IMS236;3
328140;IMS237;3
328140;IMS238;3
328140;IMS239;4
328140;IMS240;4
328140;IMS241;4
328140;IMS242;4
328140;IMS243;4
328140;IMS244;4
328140;IMS006;5
328140;IMS245;5
328140;IMS246;5
328140;IMS247;5
328140;IMS248;5
328140;IMS249;5
328140;IMS250;6
328140;IMS251;6
328140;IMS252;6
328140;IMS253;6
328140;IMS254;6
328140;IMS255;6
328140;IMS256;7
328140;IMS257;7
328140;IMS258;7
328140;IMS259;7
328140;IMS260;7
328140;IMS261;7
328140;IMS262;8
328140;IMS263;8
328140;IMS264;9
328140;IMS265;10
328140;IMS266;10
113130;MATA02;1
113130;QUIA26;1
113130;QUIA27;1
113130;QUIA28;1
113130;FIS121;2
113130;MATA01;2
113130;QUI138;2
113130;QUIA42;2
113130;MAT236;3
113130;MATA03;3
113130;QUI136;3
113130;QUI139;3
113130;QUIA15;3
113130;QUI137;4
113130;QUIA30;4
113130;QUIA44;4
113130;QUIA49;4
113130;FIS123;5
113130;QUIA29;5
113130;QUIA48;5
113130;QUIA57;5
113130;FIS124;6
113130;QUIA16;6
113130;QUIA56;6
113130;QUIB15;6
113130;QUIA52;7
113130;QUIA64;7
113130;QUIA65;7
113130;QUIB16;7
113130;QUIA53;8
113130;QUIA61;8
113130;QUIA66;8
184120;EDCA02;1
184120;MATA02;1
184120;QUIA27;1
184120;QUIA28;1
184120;QUIB12;1
184120;FIS121;2
184120;MATA01;2
184120;QUIA42;2
184120;QUIA43;2
184120;QUIB18;2
184120;MATA03;3
184120;QUI138;3
184120;QUIA15;3
184120;QUIB07;3
184120;MAT236;4
184120;QUI139;4
184120;QUIA30;4
184120;QUIA45;4
184120;QUIB19;4
184120;EDCA01;5
184120;FIS123;5
184120;QUIA44;5
184120;QUIB20;5
184120;EDCB71;6
184120;FIS124;6
184120;LETE46;6
184120;QUIB21;6
184120;QUIB24;6
184120;EDCA79;7
184120;EDCB72;7
184120;QUIA47;7
184120;QUIB22;7
184120;EDCB73;8
184120;EDCB75;8
184120;QUIA48;8
184120;QUIA50;8
184120;EDCB74;9
184120;QUIA16;9
184120;QUIB23;9
283140;ISC001;1
283140;ISCA45;1
283140;ISCA46;1
283140;ISCA47;1
283140;ISCA48;1
283140;ISCA44;2
283140;ISCA96;2
283140;ISCA97;2
283140;ISCA98;2
283140;ISCB04;3
283140;ISCB08;3
283140;ISCB12;3
283140;ISCB16;3
283140;ISCB20;3
283140;ISCA99;4
283140;ISCB05;4
283140;ISCB09;4
283140;ISCB13;4
283140;ISCB17;4
283140;ISCB21;4
283140;ISCB01;5
283140;ISCB06;5
283140;ISCB10;5
283140;ISCB14;5
283140;ISCB18;5
283140;ISCB31;5
283140;ISCB03;6
283140;ISCB07;6
283140;ISCB11;6
283140;ISCB15;6
283140;ISCB19;6
283140;ISCB32;6
283140;ISCB34;7
283140;ISCB35;7
283140;ISCB36;8
314140;ADM200;1
314140;ADM228;1
314140;FCH001;1
314140;ICIA04;1
314140;LETB36;1
314140;LETB42;1
314140;LETE17;1
314140;ADM229;2
314140;FCH004;2
314140;ICI114;2
314140;LETB37;2
314140;LETB43;2
314140;LETE18;2
314140;ADM188;3
314140;LETB38;3
314140;LETB44;3
314140;LETE19;3
314140;MAT019;3
314140;ADM235;4
314140;ADMC99;4
314140;ADMD01;4
314140;LETE21;4
314140;LETE22;4
314140;MAT022;4
314140;ADM202;5
314140;ADM244;5
314140;ADMD02;5
314140;ADMD03;5
314140;FCH162;5
314140;ICI121;5
314140;ADM173;6
314140;ADM207;6
314140;ADM245;6
314140;ADMD04;6
314140;ADMD05;6
314140;ADM180;7
314140;ADMD06;7
314140;ADMD07;7
314140;ADMD08;7
314140;DIR159;7
314140;ADM240;8
314140;ADMD09;8
325140;FCH265;1
325140;FCHF17;1
325140;IPSB68;1
325140;IPSB75;1
325140;IPSB82;1
325140;LETA09;1
325140;IPSB78;2
325140;IPSB80;2
325140;IPSB81;2
325140;IPSC09;2
325140;IPSB79;3
325140;IPSB83;3
325140;IPSB85;3
325140;IPSB86;3
325140;IPSB90;3
325140;IPSB95;3
325140;IPSB84;4
325140;IPSB87;4
325140;IPSB89;4
325140;IPSB91;4
325140;MAT021;4
325140;IPSB69;5
325140;IPSB92;5
325140;IPSB93;5
325140;IPSB94;5
325140;IPSB96;5
325140;IPSB97;5
325140;IPSB98;6
325140;IPSB99;6
325140;IPSC01;6
325140;IPSC02;6
325140;IPSC03;6
325140;IPSC04;7
325140;IPSC05;7
325140;IPSC06;7
325140;IPSC07;7
325140;IPSC08;8
325140;IPSC35;8
195140;MATA02;1
195140;MATA37;1
195140;MATA39;1
195140;MATA42;1
195140;MATA68;1
195140;ADME99;2
195140;MATC73;2
195140;MATC90;2
195140;MATC92;2
195140;MATD04;2
195140;ADM001;3
195140;MATA07;3
195140;MATA55;3
195140;MATA58;3
195140;MATC94;3
195140;LETA09;4
195140;MAT236;4
195140;MATA59;4
195140;MATA62;4
195140;MATC82;4
195140;ADM211;5
195140;MATA56;5
195140;MATA60;5
195140;MATA63;5
195140;MATC84;5
195140;ADMF01;6
195140;MAT220;6
195140;MATA76;6
195140;MATB09;6
195140;MATC89;6
195140;MATA64;7
195140;MATB02;7
195140;MATB19;7
195140;MATC72;7
195140;MATC99;7
195140;MATC97;9
195140;MATC98;10
513140;ARQ003;1
513140;ARQ005;1
513140;EBA017;1
513140;EBA152;1
513140;EBA154;1
513140;FCH002;1
513140;ARQ004;2
513140;ARQ006;2
513140;ARQ131;2
513140;EBA003;2
513140;EBA172;2
513140;ARQ010;3
513140;EBA105;3
513140;EBA138;3
513140;EBA160;3
513140;EBA171;3
513140;EBA173;3
513140;EBA018;4
513140;EBA135;4
513140;EBA153;4
513140;EBA170;4
513140;EBA174;4
513140;EBA181;4
513140;ARQ138;5
513140;EBA010;5
513140;EBA123;5
513140;EBA143;5
513140;EBA175;5
513140;EBA176;6
513140;FCH006;6
513140;EBA177;7
513140;EBA019;8
384140;ADM150;1
384140;ADMD97;1
384140;ADMD98;1
384140;ADMD99;1
384140;ADME01;1
846140;ADMH24;1
846140;DIRB83;1
846140;EDCJ87;1
846140;HACE28;1
846140;HACE29;1
846140;DIRC14;2
846140;DIRC15;2
846140;FCHL23;2
846140;FCHL24;2
846140;FCHL48;2
846140;ADMH57;3
846140;ADMH58;3
846140;ADMH59;3
846140;ADMH60;3
846140;COMB50;4
846140;FCHL26;4
846140;ADMH61;5
846140;ADMH62;5
197140;ENG028;1
197140;ENGJ62;1
197140;ENGJ64;1
197140;ENGJ74;1
197140;ENGL55;1
197140;ENGA50;2
197140;ENGJ61;2
197140;ENGJ69;2
197140;ENGJ72;2
197140;ENGJ73;2
197140;ENGJ59;3
197140;ENGJ60;3
197140;ENGJ63;3
197140;ENGL54;3
197140;ENGJ66;4
197140;ENGJ68;4
197140;ENGJ70;4
197140;ENGJ71;4
197140;ENGJ58;5
197140;ENGJ65;5
197140;ENGJ76;6
219140;MEVA40;1
219140;MEVA41;1
219140;MEVA42;1
219140;MEVA43;1
219140;MEVA44;1
219140;MEVA45;1
219140;MEVA46;1
219140;MEVA47;2
219140;MEVA48;2
219140;MEVA50;2
219140;MEVA51;2
219140;MEVA52;2
219140;MEVA53;2
219140;MEVA54;2
219140;MEVA55;3
219140;MEVA56;3
219140;MEVA57;3
219140;MEVA58;3
219140;MEVA59;3
219140;MEVA60;3
219140;MEVA61;3
219140;MEVA62;4
219140;MEVA63;4
219140;MEVA65;4
219140;MEVA66;4
219140;MEVA67;4
219140;MEVA68;4
219140;MEVA73;4
219140;MEVA49;5
219140;MEVA64;5
219140;MEVA69;5
219140;MEVA70;5
219140;MEVA71;5
219140;MEVA74;5
219140;MEVA75;5
219140;MEVA72;6
219140;MEVA76;6
219140;MEVA77;6
219140;MEVA78;6
219140;MEVA79;6
219140;MEVA81;6
219140;MEVA80;7
219140;MEVA82;7
219140;MEVA83;7
219140;MEVA84;7
219140;MEVA85;7
219140;MEVA86;7
219140;MEVA87;7
219140;MEVA88;8
219140;MEVA89;8
219140;MEVA90;8
219140;MEVA91;8
219140;MEVA92;8
219140;MEVA93;8
219140;MEVA94;9
219140;MEVA95;9
219140;MEVA96;9
219140;MEVA97;9
219140;MEVA98;9
219140;MEVA99;9
